Date,Content,Video title,Video publish time,Views
20/10/2024,4s1z9NtmzOc,Small waves made by hand generating electricity,"Jan 26, 2022",1
21/10/2024,4s1z9NtmzOc,Small waves made by hand generating electricity,"Jan 26, 2022",5
22/10/2024,4s1z9NtmzOc,Small waves made by hand generating electricity,"Jan 26, 2022",1
23/10/2024,4s1z9NtmzOc,Small waves made by hand generating electricity,"Jan 26, 2022",4
24/10/2024,4s1z9NtmzOc,Small waves made by hand generating electricity,"Jan 26, 2022",0
25/10/2024,4s1z9NtmzOc,Small waves made by hand generating electricity,"Jan 26, 2022",1
26/10/2024,4s1z9NtmzOc,Small waves made by hand generating electricity,"Jan 26, 2022",2
27/10/2024,4s1z9NtmzOc,Small waves made by hand generating electricity,"Jan 26, 2022",4
28/10/2024,4s1z9NtmzOc,Small waves made by hand generating electricity,"Jan 26, 2022",7
29/10/2024,4s1z9NtmzOc,Small waves made by hand generating electricity,"Jan 26, 2022",3
30/10/2024,4s1z9NtmzOc,Small waves made by hand generating electricity,"Jan 26, 2022",2
31/10/2024,4s1z9NtmzOc,Small waves made by hand generating electricity,"Jan 26, 2022",6
1/11/2024,4s1z9NtmzOc,Small waves made by hand generating electricity,"Jan 26, 2022",2
2/11/2024,4s1z9NtmzOc,Small waves made by hand generating electricity,"Jan 26, 2022",3
3/11/2024,4s1z9NtmzOc,Small waves made by hand generating electricity,"Jan 26, 2022",1
4/11/2024,4s1z9NtmzOc,Small waves made by hand generating electricity,"Jan 26, 2022",5
5/11/2024,4s1z9NtmzOc,Small waves made by hand generating electricity,"Jan 26, 2022",3
6/11/2024,4s1z9NtmzOc,Small waves made by hand generating electricity,"Jan 26, 2022",9
7/11/2024,4s1z9NtmzOc,Small waves made by hand generating electricity,"Jan 26, 2022",2
8/11/2024,4s1z9NtmzOc,Small waves made by hand generating electricity,"Jan 26, 2022",5
9/11/2024,4s1z9NtmzOc,Small waves made by hand generating electricity,"Jan 26, 2022",4
10/11/2024,4s1z9NtmzOc,Small waves made by hand generating electricity,"Jan 26, 2022",3
11/11/2024,4s1z9NtmzOc,Small waves made by hand generating electricity,"Jan 26, 2022",2
12/11/2024,4s1z9NtmzOc,Small waves made by hand generating electricity,"Jan 26, 2022",7
13/11/2024,4s1z9NtmzOc,Small waves made by hand generating electricity,"Jan 26, 2022",0
14/11/2024,4s1z9NtmzOc,Small waves made by hand generating electricity,"Jan 26, 2022",3
15/11/2024,4s1z9NtmzOc,Small waves made by hand generating electricity,"Jan 26, 2022",3
16/11/2024,4s1z9NtmzOc,Small waves made by hand generating electricity,"Jan 26, 2022",6
20/10/2024,4tL-y_KUw6k,Vesselless cargo canal propellers,"Oct 24, 2024",0
21/10/2024,4tL-y_KUw6k,Vesselless cargo canal propellers,"Oct 24, 2024",0
22/10/2024,4tL-y_KUw6k,Vesselless cargo canal propellers,"Oct 24, 2024",0
23/10/2024,4tL-y_KUw6k,Vesselless cargo canal propellers,"Oct 24, 2024",0
24/10/2024,4tL-y_KUw6k,Vesselless cargo canal propellers,"Oct 24, 2024",26
25/10/2024,4tL-y_KUw6k,Vesselless cargo canal propellers,"Oct 24, 2024",1
26/10/2024,4tL-y_KUw6k,Vesselless cargo canal propellers,"Oct 24, 2024",12
27/10/2024,4tL-y_KUw6k,Vesselless cargo canal propellers,"Oct 24, 2024",3
28/10/2024,4tL-y_KUw6k,Vesselless cargo canal propellers,"Oct 24, 2024",0
29/10/2024,4tL-y_KUw6k,Vesselless cargo canal propellers,"Oct 24, 2024",3
30/10/2024,4tL-y_KUw6k,Vesselless cargo canal propellers,"Oct 24, 2024",0
31/10/2024,4tL-y_KUw6k,Vesselless cargo canal propellers,"Oct 24, 2024",0
1/11/2024,4tL-y_KUw6k,Vesselless cargo canal propellers,"Oct 24, 2024",0
2/11/2024,4tL-y_KUw6k,Vesselless cargo canal propellers,"Oct 24, 2024",0
3/11/2024,4tL-y_KUw6k,Vesselless cargo canal propellers,"Oct 24, 2024",1
4/11/2024,4tL-y_KUw6k,Vesselless cargo canal propellers,"Oct 24, 2024",0
5/11/2024,4tL-y_KUw6k,Vesselless cargo canal propellers,"Oct 24, 2024",0
6/11/2024,4tL-y_KUw6k,Vesselless cargo canal propellers,"Oct 24, 2024",1
7/11/2024,4tL-y_KUw6k,Vesselless cargo canal propellers,"Oct 24, 2024",0
8/11/2024,4tL-y_KUw6k,Vesselless cargo canal propellers,"Oct 24, 2024",0
9/11/2024,4tL-y_KUw6k,Vesselless cargo canal propellers,"Oct 24, 2024",13
10/11/2024,4tL-y_KUw6k,Vesselless cargo canal propellers,"Oct 24, 2024",3
11/11/2024,4tL-y_KUw6k,Vesselless cargo canal propellers,"Oct 24, 2024",0
12/11/2024,4tL-y_KUw6k,Vesselless cargo canal propellers,"Oct 24, 2024",1
13/11/2024,4tL-y_KUw6k,Vesselless cargo canal propellers,"Oct 24, 2024",1
14/11/2024,4tL-y_KUw6k,Vesselless cargo canal propellers,"Oct 24, 2024",1
15/11/2024,4tL-y_KUw6k,Vesselless cargo canal propellers,"Oct 24, 2024",0
16/11/2024,4tL-y_KUw6k,Vesselless cargo canal propellers,"Oct 24, 2024",0
20/10/2024,TWmFQnD7L08,Small wave water effects in Roblox,"Nov 23, 2021",4
21/10/2024,TWmFQnD7L08,Small wave water effects in Roblox,"Nov 23, 2021",2
22/10/2024,TWmFQnD7L08,Small wave water effects in Roblox,"Nov 23, 2021",2
23/10/2024,TWmFQnD7L08,Small wave water effects in Roblox,"Nov 23, 2021",7
24/10/2024,TWmFQnD7L08,Small wave water effects in Roblox,"Nov 23, 2021",4
25/10/2024,TWmFQnD7L08,Small wave water effects in Roblox,"Nov 23, 2021",3
26/10/2024,TWmFQnD7L08,Small wave water effects in Roblox,"Nov 23, 2021",5
27/10/2024,TWmFQnD7L08,Small wave water effects in Roblox,"Nov 23, 2021",6
28/10/2024,TWmFQnD7L08,Small wave water effects in Roblox,"Nov 23, 2021",5
29/10/2024,TWmFQnD7L08,Small wave water effects in Roblox,"Nov 23, 2021",2
30/10/2024,TWmFQnD7L08,Small wave water effects in Roblox,"Nov 23, 2021",2
31/10/2024,TWmFQnD7L08,Small wave water effects in Roblox,"Nov 23, 2021",3
1/11/2024,TWmFQnD7L08,Small wave water effects in Roblox,"Nov 23, 2021",7
2/11/2024,TWmFQnD7L08,Small wave water effects in Roblox,"Nov 23, 2021",12
3/11/2024,TWmFQnD7L08,Small wave water effects in Roblox,"Nov 23, 2021",3
4/11/2024,TWmFQnD7L08,Small wave water effects in Roblox,"Nov 23, 2021",2
5/11/2024,TWmFQnD7L08,Small wave water effects in Roblox,"Nov 23, 2021",4
6/11/2024,TWmFQnD7L08,Small wave water effects in Roblox,"Nov 23, 2021",3
7/11/2024,TWmFQnD7L08,Small wave water effects in Roblox,"Nov 23, 2021",3
8/11/2024,TWmFQnD7L08,Small wave water effects in Roblox,"Nov 23, 2021",2
9/11/2024,TWmFQnD7L08,Small wave water effects in Roblox,"Nov 23, 2021",8
10/11/2024,TWmFQnD7L08,Small wave water effects in Roblox,"Nov 23, 2021",13
11/11/2024,TWmFQnD7L08,Small wave water effects in Roblox,"Nov 23, 2021",6
12/11/2024,TWmFQnD7L08,Small wave water effects in Roblox,"Nov 23, 2021",5
13/11/2024,TWmFQnD7L08,Small wave water effects in Roblox,"Nov 23, 2021",5
14/11/2024,TWmFQnD7L08,Small wave water effects in Roblox,"Nov 23, 2021",6
15/11/2024,TWmFQnD7L08,Small wave water effects in Roblox,"Nov 23, 2021",10
16/11/2024,TWmFQnD7L08,Small wave water effects in Roblox,"Nov 23, 2021",2
20/10/2024,qaLvwXxF_kU,Vesselless cargo coastal water jets,"Nov 12, 2024",0
21/10/2024,qaLvwXxF_kU,Vesselless cargo coastal water jets,"Nov 12, 2024",0
22/10/2024,qaLvwXxF_kU,Vesselless cargo coastal water jets,"Nov 12, 2024",0
23/10/2024,qaLvwXxF_kU,Vesselless cargo coastal water jets,"Nov 12, 2024",0
24/10/2024,qaLvwXxF_kU,Vesselless cargo coastal water jets,"Nov 12, 2024",0
25/10/2024,qaLvwXxF_kU,Vesselless cargo coastal water jets,"Nov 12, 2024",0
26/10/2024,qaLvwXxF_kU,Vesselless cargo coastal water jets,"Nov 12, 2024",0
27/10/2024,qaLvwXxF_kU,Vesselless cargo coastal water jets,"Nov 12, 2024",0
28/10/2024,qaLvwXxF_kU,Vesselless cargo coastal water jets,"Nov 12, 2024",0
29/10/2024,qaLvwXxF_kU,Vesselless cargo coastal water jets,"Nov 12, 2024",0
30/10/2024,qaLvwXxF_kU,Vesselless cargo coastal water jets,"Nov 12, 2024",0
31/10/2024,qaLvwXxF_kU,Vesselless cargo coastal water jets,"Nov 12, 2024",0
1/11/2024,qaLvwXxF_kU,Vesselless cargo coastal water jets,"Nov 12, 2024",0
2/11/2024,qaLvwXxF_kU,Vesselless cargo coastal water jets,"Nov 12, 2024",0
3/11/2024,qaLvwXxF_kU,Vesselless cargo coastal water jets,"Nov 12, 2024",0
4/11/2024,qaLvwXxF_kU,Vesselless cargo coastal water jets,"Nov 12, 2024",0
5/11/2024,qaLvwXxF_kU,Vesselless cargo coastal water jets,"Nov 12, 2024",0
6/11/2024,qaLvwXxF_kU,Vesselless cargo coastal water jets,"Nov 12, 2024",0
7/11/2024,qaLvwXxF_kU,Vesselless cargo coastal water jets,"Nov 12, 2024",0
8/11/2024,qaLvwXxF_kU,Vesselless cargo coastal water jets,"Nov 12, 2024",0
9/11/2024,qaLvwXxF_kU,Vesselless cargo coastal water jets,"Nov 12, 2024",0
10/11/2024,qaLvwXxF_kU,Vesselless cargo coastal water jets,"Nov 12, 2024",0
11/11/2024,qaLvwXxF_kU,Vesselless cargo coastal water jets,"Nov 12, 2024",0
12/11/2024,qaLvwXxF_kU,Vesselless cargo coastal water jets,"Nov 12, 2024",32
13/11/2024,qaLvwXxF_kU,Vesselless cargo coastal water jets,"Nov 12, 2024",5
14/11/2024,qaLvwXxF_kU,Vesselless cargo coastal water jets,"Nov 12, 2024",18
15/11/2024,qaLvwXxF_kU,Vesselless cargo coastal water jets,"Nov 12, 2024",4
16/11/2024,qaLvwXxF_kU,Vesselless cargo coastal water jets,"Nov 12, 2024",3
20/10/2024,sCJC6p71Urk,4 water models in Roblox,"Dec 6, 2021",13
21/10/2024,sCJC6p71Urk,4 water models in Roblox,"Dec 6, 2021",3
22/10/2024,sCJC6p71Urk,4 water models in Roblox,"Dec 6, 2021",3
23/10/2024,sCJC6p71Urk,4 water models in Roblox,"Dec 6, 2021",7
24/10/2024,sCJC6p71Urk,4 water models in Roblox,"Dec 6, 2021",11
25/10/2024,sCJC6p71Urk,4 water models in Roblox,"Dec 6, 2021",9
26/10/2024,sCJC6p71Urk,4 water models in Roblox,"Dec 6, 2021",4
27/10/2024,sCJC6p71Urk,4 water models in Roblox,"Dec 6, 2021",7
28/10/2024,sCJC6p71Urk,4 water models in Roblox,"Dec 6, 2021",4
29/10/2024,sCJC6p71Urk,4 water models in Roblox,"Dec 6, 2021",6
30/10/2024,sCJC6p71Urk,4 water models in Roblox,"Dec 6, 2021",7
31/10/2024,sCJC6p71Urk,4 water models in Roblox,"Dec 6, 2021",1
1/11/2024,sCJC6p71Urk,4 water models in Roblox,"Dec 6, 2021",8
2/11/2024,sCJC6p71Urk,4 water models in Roblox,"Dec 6, 2021",11
3/11/2024,sCJC6p71Urk,4 water models in Roblox,"Dec 6, 2021",4
4/11/2024,sCJC6p71Urk,4 water models in Roblox,"Dec 6, 2021",8
5/11/2024,sCJC6p71Urk,4 water models in Roblox,"Dec 6, 2021",5
6/11/2024,sCJC6p71Urk,4 water models in Roblox,"Dec 6, 2021",6
7/11/2024,sCJC6p71Urk,4 water models in Roblox,"Dec 6, 2021",6
8/11/2024,sCJC6p71Urk,4 water models in Roblox,"Dec 6, 2021",8
9/11/2024,sCJC6p71Urk,4 water models in Roblox,"Dec 6, 2021",10
10/11/2024,sCJC6p71Urk,4 water models in Roblox,"Dec 6, 2021",7
11/11/2024,sCJC6p71Urk,4 water models in Roblox,"Dec 6, 2021",8
12/11/2024,sCJC6p71Urk,4 water models in Roblox,"Dec 6, 2021",5
13/11/2024,sCJC6p71Urk,4 water models in Roblox,"Dec 6, 2021",7
14/11/2024,sCJC6p71Urk,4 water models in Roblox,"Dec 6, 2021",4
15/11/2024,sCJC6p71Urk,4 water models in Roblox,"Dec 6, 2021",4
16/11/2024,sCJC6p71Urk,4 water models in Roblox,"Dec 6, 2021",7
