Date,Traffic source,Views
2024-10-20,Direct or unknown,0
2024-10-21,Direct or unknown,3
2024-10-22,Direct or unknown,8
2024-10-23,Direct or unknown,0
2024-10-24,Direct or unknown,0
2024-10-25,Direct or unknown,0
2024-10-26,Direct or unknown,0
2024-10-27,Direct or unknown,0
2024-10-28,Direct or unknown,2
2024-10-29,Direct or unknown,0
2024-10-30,Direct or unknown,1
2024-10-31,Direct or unknown,0
2024-11-01,Direct or unknown,0
2024-11-02,Direct or unknown,0
2024-11-03,Direct or unknown,0
2024-11-04,Direct or unknown,1
2024-11-05,Direct or unknown,0
2024-11-06,Direct or unknown,0
2024-11-07,Direct or unknown,4
2024-11-08,Direct or unknown,0
2024-11-09,Direct or unknown,0
2024-11-10,Direct or unknown,1
2024-11-11,Direct or unknown,0
2024-11-12,Direct or unknown,2
2024-11-13,Direct or unknown,0
2024-11-14,Direct or unknown,1
2024-11-15,Direct or unknown,4
2024-11-16,Direct or unknown,0
2024-10-20,Browse features,3
2024-10-21,Browse features,3
2024-10-22,Browse features,3
2024-10-23,Browse features,4
2024-10-24,Browse features,6
2024-10-25,Browse features,4
2024-10-26,Browse features,7
2024-10-27,Browse features,11
2024-10-28,Browse features,11
2024-10-29,Browse features,10
2024-10-30,Browse features,12
2024-10-31,Browse features,9
2024-11-01,Browse features,20
2024-11-02,Browse features,16
2024-11-03,Browse features,16
2024-11-04,Browse features,9
2024-11-05,Browse features,9
2024-11-06,Browse features,5
2024-11-07,Browse features,4
2024-11-08,Browse features,3
2024-11-09,Browse features,13
2024-11-10,Browse features,18
2024-11-11,Browse features,11
2024-11-12,Browse features,8
2024-11-13,Browse features,17
2024-11-14,Browse features,18
2024-11-15,Browse features,27
2024-11-16,Browse features,16
2024-10-20,Channel pages,1
2024-10-21,Channel pages,5
2024-10-22,Channel pages,0
2024-10-23,Channel pages,1
2024-10-24,Channel pages,4
2024-10-25,Channel pages,0
2024-10-26,Channel pages,10
2024-10-27,Channel pages,0
2024-10-28,Channel pages,2
2024-10-29,Channel pages,13
2024-10-30,Channel pages,0
2024-10-31,Channel pages,9
2024-11-01,Channel pages,0
2024-11-02,Channel pages,0
2024-11-03,Channel pages,4
2024-11-04,Channel pages,2
2024-11-05,Channel pages,8
2024-11-06,Channel pages,8
2024-11-07,Channel pages,3
2024-11-08,Channel pages,0
2024-11-09,Channel pages,6
2024-11-10,Channel pages,4
2024-11-11,Channel pages,2
2024-11-12,Channel pages,11
2024-11-13,Channel pages,5
2024-11-14,Channel pages,3
2024-11-15,Channel pages,1
2024-11-16,Channel pages,0
2024-10-20,YouTube search,49
2024-10-21,YouTube search,35
2024-10-22,YouTube search,31
2024-10-23,YouTube search,35
2024-10-24,YouTube search,45
2024-10-25,YouTube search,46
2024-10-26,YouTube search,39
2024-10-27,YouTube search,42
2024-10-28,YouTube search,34
2024-10-29,YouTube search,33
2024-10-30,YouTube search,34
2024-10-31,YouTube search,34
2024-11-01,YouTube search,28
2024-11-02,YouTube search,47
2024-11-03,YouTube search,30
2024-11-04,YouTube search,49
2024-11-05,YouTube search,37
2024-11-06,YouTube search,41
2024-11-07,YouTube search,31
2024-11-08,YouTube search,48
2024-11-09,YouTube search,45
2024-11-10,YouTube search,42
2024-11-11,YouTube search,43
2024-11-12,YouTube search,46
2024-11-13,YouTube search,41
2024-11-14,YouTube search,34
2024-11-15,YouTube search,51
2024-11-16,YouTube search,44
2024-10-20,Suggested videos,2
2024-10-21,Suggested videos,0
2024-10-22,Suggested videos,0
2024-10-23,Suggested videos,3
2024-10-24,Suggested videos,1
2024-10-25,Suggested videos,1
2024-10-26,Suggested videos,5
2024-10-27,Suggested videos,3
2024-10-28,Suggested videos,0
2024-10-29,Suggested videos,5
2024-10-30,Suggested videos,3
2024-10-31,Suggested videos,6
2024-11-01,Suggested videos,0
2024-11-02,Suggested videos,1
2024-11-03,Suggested videos,4
2024-11-04,Suggested videos,3
2024-11-05,Suggested videos,6
2024-11-06,Suggested videos,5
2024-11-07,Suggested videos,2
2024-11-08,Suggested videos,1
2024-11-09,Suggested videos,7
2024-11-10,Suggested videos,5
2024-11-11,Suggested videos,0
2024-11-12,Suggested videos,5
2024-11-13,Suggested videos,4
2024-11-14,Suggested videos,5
2024-11-15,Suggested videos,12
2024-11-16,Suggested videos,2
2024-10-20,Other YouTube features,0
2024-10-21,Other YouTube features,9
2024-10-22,Other YouTube features,0
2024-10-23,Other YouTube features,5
2024-10-24,Other YouTube features,6
2024-10-25,Other YouTube features,0
2024-10-26,Other YouTube features,9
2024-10-27,Other YouTube features,3
2024-10-28,Other YouTube features,0
2024-10-29,Other YouTube features,1
2024-10-30,Other YouTube features,3
2024-10-31,Other YouTube features,7
2024-11-01,Other YouTube features,0
2024-11-02,Other YouTube features,0
2024-11-03,Other YouTube features,10
2024-11-04,Other YouTube features,0
2024-11-05,Other YouTube features,11
2024-11-06,Other YouTube features,3
2024-11-07,Other YouTube features,1
2024-11-08,Other YouTube features,1
2024-11-09,Other YouTube features,11
2024-11-10,Other YouTube features,11
2024-11-11,Other YouTube features,0
2024-11-12,Other YouTube features,13
2024-11-13,Other YouTube features,2
2024-11-14,Other YouTube features,9
2024-11-15,Other YouTube features,0
2024-11-16,Other YouTube features,0
2024-10-20,External,5
2024-10-21,External,1
2024-10-22,External,3
2024-10-23,External,4
2024-10-24,External,29
2024-10-25,External,7
2024-10-26,External,27
2024-10-27,External,2
2024-10-28,External,1
2024-10-29,External,23
2024-10-30,External,1
2024-10-31,External,24
2024-11-01,External,3
2024-11-02,External,3
2024-11-03,External,25
2024-11-04,External,3
2024-11-05,External,26
2024-11-06,External,28
2024-11-07,External,3
2024-11-08,External,1
2024-11-09,External,30
2024-11-10,External,27
2024-11-11,External,2
2024-11-12,External,29
2024-11-13,External,2
2024-11-14,External,29
2024-11-15,External,1
2024-11-16,External,0
2024-10-20,Playlists,0
2024-10-21,Playlists,3
2024-10-22,Playlists,3
2024-10-23,Playlists,0
2024-10-24,Playlists,0
2024-10-25,Playlists,0
2024-10-26,Playlists,0
2024-10-27,Playlists,0
2024-10-28,Playlists,3
2024-10-29,Playlists,2
2024-10-30,Playlists,0
2024-10-31,Playlists,0
2024-11-01,Playlists,0
2024-11-02,Playlists,0
2024-11-03,Playlists,0
2024-11-04,Playlists,0
2024-11-05,Playlists,0
2024-11-06,Playlists,1
2024-11-07,Playlists,7
2024-11-08,Playlists,0
2024-11-09,Playlists,1
2024-11-10,Playlists,0
2024-11-11,Playlists,3
2024-11-12,Playlists,27
2024-11-13,Playlists,0
2024-11-14,Playlists,0
2024-11-15,Playlists,4
2024-11-16,Playlists,1
2024-10-20,Notifications,0
2024-10-21,Notifications,0
2024-10-22,Notifications,0
2024-10-23,Notifications,0
2024-10-24,Notifications,0
2024-10-25,Notifications,0
2024-10-26,Notifications,0
2024-10-27,Notifications,0
2024-10-28,Notifications,0
2024-10-29,Notifications,0
2024-10-30,Notifications,0
2024-10-31,Notifications,1
2024-11-01,Notifications,0
2024-11-02,Notifications,0
2024-11-03,Notifications,1
2024-11-04,Notifications,0
2024-11-05,Notifications,0
2024-11-06,Notifications,0
2024-11-07,Notifications,0
2024-11-08,Notifications,0
2024-11-09,Notifications,0
2024-11-10,Notifications,0
2024-11-11,Notifications,0
2024-11-12,Notifications,1
2024-11-13,Notifications,0
2024-11-14,Notifications,0
2024-11-15,Notifications,0
2024-11-16,Notifications,0
2024-10-20,Shorts feed,4
2024-10-21,Shorts feed,0
2024-10-22,Shorts feed,1
2024-10-23,Shorts feed,1
2024-10-24,Shorts feed,1
2024-10-25,Shorts feed,0
2024-10-26,Shorts feed,0
2024-10-27,Shorts feed,0
2024-10-28,Shorts feed,0
2024-10-29,Shorts feed,0
2024-10-30,Shorts feed,0
2024-10-31,Shorts feed,2
2024-11-01,Shorts feed,1
2024-11-02,Shorts feed,1
2024-11-03,Shorts feed,0
2024-11-04,Shorts feed,0
2024-11-05,Shorts feed,0
2024-11-06,Shorts feed,0
2024-11-07,Shorts feed,3
2024-11-08,Shorts feed,0
2024-11-09,Shorts feed,0
2024-11-10,Shorts feed,0
2024-11-11,Shorts feed,3
2024-11-12,Shorts feed,0
2024-11-13,Shorts feed,2
2024-11-14,Shorts feed,1
2024-11-15,Shorts feed,0
2024-11-16,Shorts feed,1
2024-10-20,Hashtag pages,2
2024-10-21,Hashtag pages,0
2024-10-22,Hashtag pages,0
2024-10-23,Hashtag pages,0
2024-10-24,Hashtag pages,1
2024-10-25,Hashtag pages,0
2024-10-26,Hashtag pages,0
2024-10-27,Hashtag pages,0
2024-10-28,Hashtag pages,0
2024-10-29,Hashtag pages,0
2024-10-30,Hashtag pages,0
2024-10-31,Hashtag pages,0
2024-11-01,Hashtag pages,0
2024-11-02,Hashtag pages,0
2024-11-03,Hashtag pages,0
2024-11-04,Hashtag pages,0
2024-11-05,Hashtag pages,0
2024-11-06,Hashtag pages,0
2024-11-07,Hashtag pages,0
2024-11-08,Hashtag pages,0
2024-11-09,Hashtag pages,1
2024-11-10,Hashtag pages,0
2024-11-11,Hashtag pages,1
2024-11-12,Hashtag pages,0
2024-11-13,Hashtag pages,0
2024-11-14,Hashtag pages,0
2024-11-15,Hashtag pages,0
2024-11-16,Hashtag pages,0
