Date,Content,Video title,Video publish time,Subscribers
2024-07-07, -pQYwDUKW6w,Sound object T shape to stepped hollow,"Jul 27, 2024",0
2024-07-08, -pQYwDUKW6w,Sound object T shape to stepped hollow,"Jul 27, 2024",0
2024-07-09, -pQYwDUKW6w,Sound object T shape to stepped hollow,"Jul 27, 2024",0
2024-07-10, -pQYwDUKW6w,Sound object T shape to stepped hollow,"Jul 27, 2024",0
2024-07-11, -pQYwDUKW6w,Sound object T shape to stepped hollow,"Jul 27, 2024",0
2024-07-12, -pQYwDUKW6w,Sound object T shape to stepped hollow,"Jul 27, 2024",0
2024-07-13, -pQYwDUKW6w,Sound object T shape to stepped hollow,"Jul 27, 2024",0
2024-07-14, -pQYwDUKW6w,Sound object T shape to stepped hollow,"Jul 27, 2024",0
2024-07-15, -pQYwDUKW6w,Sound object T shape to stepped hollow,"Jul 27, 2024",0
2024-07-16, -pQYwDUKW6w,Sound object T shape to stepped hollow,"Jul 27, 2024",0
2024-07-17, -pQYwDUKW6w,Sound object T shape to stepped hollow,"Jul 27, 2024",0
2024-07-18, -pQYwDUKW6w,Sound object T shape to stepped hollow,"Jul 27, 2024",0
2024-07-19, -pQYwDUKW6w,Sound object T shape to stepped hollow,"Jul 27, 2024",0
2024-07-20, -pQYwDUKW6w,Sound object T shape to stepped hollow,"Jul 27, 2024",0
2024-07-21, -pQYwDUKW6w,Sound object T shape to stepped hollow,"Jul 27, 2024",0
2024-07-22, -pQYwDUKW6w,Sound object T shape to stepped hollow,"Jul 27, 2024",0
2024-07-23, -pQYwDUKW6w,Sound object T shape to stepped hollow,"Jul 27, 2024",0
2024-07-24, -pQYwDUKW6w,Sound object T shape to stepped hollow,"Jul 27, 2024",0
2024-07-25, -pQYwDUKW6w,Sound object T shape to stepped hollow,"Jul 27, 2024",0
2024-07-26, -pQYwDUKW6w,Sound object T shape to stepped hollow,"Jul 27, 2024",0
2024-07-27, -pQYwDUKW6w,Sound object T shape to stepped hollow,"Jul 27, 2024",0
2024-07-28, -pQYwDUKW6w,Sound object T shape to stepped hollow,"Jul 27, 2024",0
2024-07-29, -pQYwDUKW6w,Sound object T shape to stepped hollow,"Jul 27, 2024",0
2024-07-30, -pQYwDUKW6w,Sound object T shape to stepped hollow,"Jul 27, 2024",0
2024-07-31, -pQYwDUKW6w,Sound object T shape to stepped hollow,"Jul 27, 2024",0
2024-08-01, -pQYwDUKW6w,Sound object T shape to stepped hollow,"Jul 27, 2024",0
2024-08-02, -pQYwDUKW6w,Sound object T shape to stepped hollow,"Jul 27, 2024",0
2024-08-03, -pQYwDUKW6w,Sound object T shape to stepped hollow,"Jul 27, 2024",0
2024-08-04, -pQYwDUKW6w,Sound object T shape to stepped hollow,"Jul 27, 2024",0
2024-08-05, -pQYwDUKW6w,Sound object T shape to stepped hollow,"Jul 27, 2024",0
2024-08-06, -pQYwDUKW6w,Sound object T shape to stepped hollow,"Jul 27, 2024",0
2024-08-07, -pQYwDUKW6w,Sound object T shape to stepped hollow,"Jul 27, 2024",0
2024-08-08, -pQYwDUKW6w,Sound object T shape to stepped hollow,"Jul 27, 2024",0
2024-08-09, -pQYwDUKW6w,Sound object T shape to stepped hollow,"Jul 27, 2024",0
2024-08-10, -pQYwDUKW6w,Sound object T shape to stepped hollow,"Jul 27, 2024",0
2024-08-11, -pQYwDUKW6w,Sound object T shape to stepped hollow,"Jul 27, 2024",1
2024-08-12, -pQYwDUKW6w,Sound object T shape to stepped hollow,"Jul 27, 2024",0
2024-08-13, -pQYwDUKW6w,Sound object T shape to stepped hollow,"Jul 27, 2024",0
2024-08-14, -pQYwDUKW6w,Sound object T shape to stepped hollow,"Jul 27, 2024",0
2024-08-15, -pQYwDUKW6w,Sound object T shape to stepped hollow,"Jul 27, 2024",0
2024-08-16, -pQYwDUKW6w,Sound object T shape to stepped hollow,"Jul 27, 2024",0
2024-08-17, -pQYwDUKW6w,Sound object T shape to stepped hollow,"Jul 27, 2024",0
2024-08-18, -pQYwDUKW6w,Sound object T shape to stepped hollow,"Jul 27, 2024",0
2024-08-19, -pQYwDUKW6w,Sound object T shape to stepped hollow,"Jul 27, 2024",0
2024-08-20, -pQYwDUKW6w,Sound object T shape to stepped hollow,"Jul 27, 2024",0
2024-08-21, -pQYwDUKW6w,Sound object T shape to stepped hollow,"Jul 27, 2024",0
2024-08-22, -pQYwDUKW6w,Sound object T shape to stepped hollow,"Jul 27, 2024",0
2024-08-23, -pQYwDUKW6w,Sound object T shape to stepped hollow,"Jul 27, 2024",0
2024-08-24, -pQYwDUKW6w,Sound object T shape to stepped hollow,"Jul 27, 2024",0
2024-08-25, -pQYwDUKW6w,Sound object T shape to stepped hollow,"Jul 27, 2024",0
2024-08-26, -pQYwDUKW6w,Sound object T shape to stepped hollow,"Jul 27, 2024",0
2024-08-27, -pQYwDUKW6w,Sound object T shape to stepped hollow,"Jul 27, 2024",0
2024-08-28, -pQYwDUKW6w,Sound object T shape to stepped hollow,"Jul 27, 2024",0
2024-08-29, -pQYwDUKW6w,Sound object T shape to stepped hollow,"Jul 27, 2024",0
2024-08-30, -pQYwDUKW6w,Sound object T shape to stepped hollow,"Jul 27, 2024",0
2024-08-31, -pQYwDUKW6w,Sound object T shape to stepped hollow,"Jul 27, 2024",0
2024-09-01, -pQYwDUKW6w,Sound object T shape to stepped hollow,"Jul 27, 2024",0
2024-09-02, -pQYwDUKW6w,Sound object T shape to stepped hollow,"Jul 27, 2024",0
2024-09-03, -pQYwDUKW6w,Sound object T shape to stepped hollow,"Jul 27, 2024",0
2024-09-04, -pQYwDUKW6w,Sound object T shape to stepped hollow,"Jul 27, 2024",0
2024-09-05, -pQYwDUKW6w,Sound object T shape to stepped hollow,"Jul 27, 2024",0
2024-09-06, -pQYwDUKW6w,Sound object T shape to stepped hollow,"Jul 27, 2024",0
2024-09-07, -pQYwDUKW6w,Sound object T shape to stepped hollow,"Jul 27, 2024",0
2024-09-08, -pQYwDUKW6w,Sound object T shape to stepped hollow,"Jul 27, 2024",0
2024-09-09, -pQYwDUKW6w,Sound object T shape to stepped hollow,"Jul 27, 2024",0
2024-09-10, -pQYwDUKW6w,Sound object T shape to stepped hollow,"Jul 27, 2024",0
2024-09-11, -pQYwDUKW6w,Sound object T shape to stepped hollow,"Jul 27, 2024",0
2024-09-12, -pQYwDUKW6w,Sound object T shape to stepped hollow,"Jul 27, 2024",0
2024-09-13, -pQYwDUKW6w,Sound object T shape to stepped hollow,"Jul 27, 2024",0
2024-09-14, -pQYwDUKW6w,Sound object T shape to stepped hollow,"Jul 27, 2024",0
2024-09-15, -pQYwDUKW6w,Sound object T shape to stepped hollow,"Jul 27, 2024",0
2024-09-16, -pQYwDUKW6w,Sound object T shape to stepped hollow,"Jul 27, 2024",0
2024-09-17, -pQYwDUKW6w,Sound object T shape to stepped hollow,"Jul 27, 2024",0
2024-09-18, -pQYwDUKW6w,Sound object T shape to stepped hollow,"Jul 27, 2024",0
2024-09-19, -pQYwDUKW6w,Sound object T shape to stepped hollow,"Jul 27, 2024",0
2024-09-20, -pQYwDUKW6w,Sound object T shape to stepped hollow,"Jul 27, 2024",0
2024-09-21, -pQYwDUKW6w,Sound object T shape to stepped hollow,"Jul 27, 2024",0
2024-09-22, -pQYwDUKW6w,Sound object T shape to stepped hollow,"Jul 27, 2024",0
2024-09-23, -pQYwDUKW6w,Sound object T shape to stepped hollow,"Jul 27, 2024",0
2024-09-24, -pQYwDUKW6w,Sound object T shape to stepped hollow,"Jul 27, 2024",0
2024-09-25, -pQYwDUKW6w,Sound object T shape to stepped hollow,"Jul 27, 2024",0
2024-09-26, -pQYwDUKW6w,Sound object T shape to stepped hollow,"Jul 27, 2024",0
2024-09-27, -pQYwDUKW6w,Sound object T shape to stepped hollow,"Jul 27, 2024",0
2024-09-28, -pQYwDUKW6w,Sound object T shape to stepped hollow,"Jul 27, 2024",0
2024-09-29, -pQYwDUKW6w,Sound object T shape to stepped hollow,"Jul 27, 2024",0
2024-09-30, -pQYwDUKW6w,Sound object T shape to stepped hollow,"Jul 27, 2024",0
2024-10-01, -pQYwDUKW6w,Sound object T shape to stepped hollow,"Jul 27, 2024",0
2024-10-02, -pQYwDUKW6w,Sound object T shape to stepped hollow,"Jul 27, 2024",0
2024-10-03, -pQYwDUKW6w,Sound object T shape to stepped hollow,"Jul 27, 2024",0
2024-10-04, -pQYwDUKW6w,Sound object T shape to stepped hollow,"Jul 27, 2024",0
2024-07-07,2U4-0bPW8rI,Rising sound object frames,"Jul 28, 2024",0
2024-07-08,2U4-0bPW8rI,Rising sound object frames,"Jul 28, 2024",0
2024-07-09,2U4-0bPW8rI,Rising sound object frames,"Jul 28, 2024",0
2024-07-10,2U4-0bPW8rI,Rising sound object frames,"Jul 28, 2024",0
2024-07-11,2U4-0bPW8rI,Rising sound object frames,"Jul 28, 2024",0
2024-07-12,2U4-0bPW8rI,Rising sound object frames,"Jul 28, 2024",0
2024-07-13,2U4-0bPW8rI,Rising sound object frames,"Jul 28, 2024",0
2024-07-14,2U4-0bPW8rI,Rising sound object frames,"Jul 28, 2024",0
2024-07-15,2U4-0bPW8rI,Rising sound object frames,"Jul 28, 2024",0
2024-07-16,2U4-0bPW8rI,Rising sound object frames,"Jul 28, 2024",0
2024-07-17,2U4-0bPW8rI,Rising sound object frames,"Jul 28, 2024",0
2024-07-18,2U4-0bPW8rI,Rising sound object frames,"Jul 28, 2024",0
2024-07-19,2U4-0bPW8rI,Rising sound object frames,"Jul 28, 2024",0
2024-07-20,2U4-0bPW8rI,Rising sound object frames,"Jul 28, 2024",0
2024-07-21,2U4-0bPW8rI,Rising sound object frames,"Jul 28, 2024",0
2024-07-22,2U4-0bPW8rI,Rising sound object frames,"Jul 28, 2024",0
2024-07-23,2U4-0bPW8rI,Rising sound object frames,"Jul 28, 2024",0
2024-07-24,2U4-0bPW8rI,Rising sound object frames,"Jul 28, 2024",0
2024-07-25,2U4-0bPW8rI,Rising sound object frames,"Jul 28, 2024",0
2024-07-26,2U4-0bPW8rI,Rising sound object frames,"Jul 28, 2024",0
2024-07-27,2U4-0bPW8rI,Rising sound object frames,"Jul 28, 2024",0
2024-07-28,2U4-0bPW8rI,Rising sound object frames,"Jul 28, 2024",0
2024-07-29,2U4-0bPW8rI,Rising sound object frames,"Jul 28, 2024",0
2024-07-30,2U4-0bPW8rI,Rising sound object frames,"Jul 28, 2024",0
2024-07-31,2U4-0bPW8rI,Rising sound object frames,"Jul 28, 2024",0
2024-08-01,2U4-0bPW8rI,Rising sound object frames,"Jul 28, 2024",0
2024-08-02,2U4-0bPW8rI,Rising sound object frames,"Jul 28, 2024",0
2024-08-03,2U4-0bPW8rI,Rising sound object frames,"Jul 28, 2024",0
2024-08-04,2U4-0bPW8rI,Rising sound object frames,"Jul 28, 2024",0
2024-08-05,2U4-0bPW8rI,Rising sound object frames,"Jul 28, 2024",0
2024-08-06,2U4-0bPW8rI,Rising sound object frames,"Jul 28, 2024",0
2024-08-07,2U4-0bPW8rI,Rising sound object frames,"Jul 28, 2024",0
2024-08-08,2U4-0bPW8rI,Rising sound object frames,"Jul 28, 2024",0
2024-08-09,2U4-0bPW8rI,Rising sound object frames,"Jul 28, 2024",0
2024-08-10,2U4-0bPW8rI,Rising sound object frames,"Jul 28, 2024",0
2024-08-11,2U4-0bPW8rI,Rising sound object frames,"Jul 28, 2024",0
2024-08-12,2U4-0bPW8rI,Rising sound object frames,"Jul 28, 2024",0
2024-08-13,2U4-0bPW8rI,Rising sound object frames,"Jul 28, 2024",0
2024-08-14,2U4-0bPW8rI,Rising sound object frames,"Jul 28, 2024",0
2024-08-15,2U4-0bPW8rI,Rising sound object frames,"Jul 28, 2024",0
2024-08-16,2U4-0bPW8rI,Rising sound object frames,"Jul 28, 2024",0
2024-08-17,2U4-0bPW8rI,Rising sound object frames,"Jul 28, 2024",0
2024-08-18,2U4-0bPW8rI,Rising sound object frames,"Jul 28, 2024",0
2024-08-19,2U4-0bPW8rI,Rising sound object frames,"Jul 28, 2024",0
2024-08-20,2U4-0bPW8rI,Rising sound object frames,"Jul 28, 2024",0
2024-08-21,2U4-0bPW8rI,Rising sound object frames,"Jul 28, 2024",0
2024-08-22,2U4-0bPW8rI,Rising sound object frames,"Jul 28, 2024",0
2024-08-23,2U4-0bPW8rI,Rising sound object frames,"Jul 28, 2024",0
2024-08-24,2U4-0bPW8rI,Rising sound object frames,"Jul 28, 2024",0
2024-08-25,2U4-0bPW8rI,Rising sound object frames,"Jul 28, 2024",0
2024-08-26,2U4-0bPW8rI,Rising sound object frames,"Jul 28, 2024",0
2024-08-27,2U4-0bPW8rI,Rising sound object frames,"Jul 28, 2024",0
2024-08-28,2U4-0bPW8rI,Rising sound object frames,"Jul 28, 2024",0
2024-08-29,2U4-0bPW8rI,Rising sound object frames,"Jul 28, 2024",1
2024-08-30,2U4-0bPW8rI,Rising sound object frames,"Jul 28, 2024",0
2024-08-31,2U4-0bPW8rI,Rising sound object frames,"Jul 28, 2024",0
2024-09-01,2U4-0bPW8rI,Rising sound object frames,"Jul 28, 2024",0
2024-09-02,2U4-0bPW8rI,Rising sound object frames,"Jul 28, 2024",0
2024-09-03,2U4-0bPW8rI,Rising sound object frames,"Jul 28, 2024",0
2024-09-04,2U4-0bPW8rI,Rising sound object frames,"Jul 28, 2024",0
2024-09-05,2U4-0bPW8rI,Rising sound object frames,"Jul 28, 2024",0
2024-09-06,2U4-0bPW8rI,Rising sound object frames,"Jul 28, 2024",0
2024-09-07,2U4-0bPW8rI,Rising sound object frames,"Jul 28, 2024",0
2024-09-08,2U4-0bPW8rI,Rising sound object frames,"Jul 28, 2024",0
2024-09-09,2U4-0bPW8rI,Rising sound object frames,"Jul 28, 2024",0
2024-09-10,2U4-0bPW8rI,Rising sound object frames,"Jul 28, 2024",0
2024-09-11,2U4-0bPW8rI,Rising sound object frames,"Jul 28, 2024",0
2024-09-12,2U4-0bPW8rI,Rising sound object frames,"Jul 28, 2024",0
2024-09-13,2U4-0bPW8rI,Rising sound object frames,"Jul 28, 2024",0
2024-09-14,2U4-0bPW8rI,Rising sound object frames,"Jul 28, 2024",0
2024-09-15,2U4-0bPW8rI,Rising sound object frames,"Jul 28, 2024",0
2024-09-16,2U4-0bPW8rI,Rising sound object frames,"Jul 28, 2024",0
2024-09-17,2U4-0bPW8rI,Rising sound object frames,"Jul 28, 2024",0
2024-09-18,2U4-0bPW8rI,Rising sound object frames,"Jul 28, 2024",0
2024-09-19,2U4-0bPW8rI,Rising sound object frames,"Jul 28, 2024",0
2024-09-20,2U4-0bPW8rI,Rising sound object frames,"Jul 28, 2024",0
2024-09-21,2U4-0bPW8rI,Rising sound object frames,"Jul 28, 2024",0
2024-09-22,2U4-0bPW8rI,Rising sound object frames,"Jul 28, 2024",0
2024-09-23,2U4-0bPW8rI,Rising sound object frames,"Jul 28, 2024",0
2024-09-24,2U4-0bPW8rI,Rising sound object frames,"Jul 28, 2024",0
2024-09-25,2U4-0bPW8rI,Rising sound object frames,"Jul 28, 2024",0
2024-09-26,2U4-0bPW8rI,Rising sound object frames,"Jul 28, 2024",0
2024-09-27,2U4-0bPW8rI,Rising sound object frames,"Jul 28, 2024",0
2024-09-28,2U4-0bPW8rI,Rising sound object frames,"Jul 28, 2024",0
2024-09-29,2U4-0bPW8rI,Rising sound object frames,"Jul 28, 2024",0
2024-09-30,2U4-0bPW8rI,Rising sound object frames,"Jul 28, 2024",0
2024-10-01,2U4-0bPW8rI,Rising sound object frames,"Jul 28, 2024",0
2024-10-02,2U4-0bPW8rI,Rising sound object frames,"Jul 28, 2024",0
2024-10-03,2U4-0bPW8rI,Rising sound object frames,"Jul 28, 2024",0
2024-10-04,2U4-0bPW8rI,Rising sound object frames,"Jul 28, 2024",0
2024-07-07,2cl4wvpK98Q,Hammering a nail with sound objects,"Aug 29, 2024",0
2024-07-08,2cl4wvpK98Q,Hammering a nail with sound objects,"Aug 29, 2024",0
2024-07-09,2cl4wvpK98Q,Hammering a nail with sound objects,"Aug 29, 2024",0
2024-07-10,2cl4wvpK98Q,Hammering a nail with sound objects,"Aug 29, 2024",0
2024-07-11,2cl4wvpK98Q,Hammering a nail with sound objects,"Aug 29, 2024",0
2024-07-12,2cl4wvpK98Q,Hammering a nail with sound objects,"Aug 29, 2024",0
2024-07-13,2cl4wvpK98Q,Hammering a nail with sound objects,"Aug 29, 2024",0
2024-07-14,2cl4wvpK98Q,Hammering a nail with sound objects,"Aug 29, 2024",0
2024-07-15,2cl4wvpK98Q,Hammering a nail with sound objects,"Aug 29, 2024",0
2024-07-16,2cl4wvpK98Q,Hammering a nail with sound objects,"Aug 29, 2024",0
2024-07-17,2cl4wvpK98Q,Hammering a nail with sound objects,"Aug 29, 2024",0
2024-07-18,2cl4wvpK98Q,Hammering a nail with sound objects,"Aug 29, 2024",0
2024-07-19,2cl4wvpK98Q,Hammering a nail with sound objects,"Aug 29, 2024",0
2024-07-20,2cl4wvpK98Q,Hammering a nail with sound objects,"Aug 29, 2024",0
2024-07-21,2cl4wvpK98Q,Hammering a nail with sound objects,"Aug 29, 2024",0
2024-07-22,2cl4wvpK98Q,Hammering a nail with sound objects,"Aug 29, 2024",0
2024-07-23,2cl4wvpK98Q,Hammering a nail with sound objects,"Aug 29, 2024",0
2024-07-24,2cl4wvpK98Q,Hammering a nail with sound objects,"Aug 29, 2024",0
2024-07-25,2cl4wvpK98Q,Hammering a nail with sound objects,"Aug 29, 2024",0
2024-07-26,2cl4wvpK98Q,Hammering a nail with sound objects,"Aug 29, 2024",0
2024-07-27,2cl4wvpK98Q,Hammering a nail with sound objects,"Aug 29, 2024",0
2024-07-28,2cl4wvpK98Q,Hammering a nail with sound objects,"Aug 29, 2024",0
2024-07-29,2cl4wvpK98Q,Hammering a nail with sound objects,"Aug 29, 2024",0
2024-07-30,2cl4wvpK98Q,Hammering a nail with sound objects,"Aug 29, 2024",0
2024-07-31,2cl4wvpK98Q,Hammering a nail with sound objects,"Aug 29, 2024",0
2024-08-01,2cl4wvpK98Q,Hammering a nail with sound objects,"Aug 29, 2024",0
2024-08-02,2cl4wvpK98Q,Hammering a nail with sound objects,"Aug 29, 2024",0
2024-08-03,2cl4wvpK98Q,Hammering a nail with sound objects,"Aug 29, 2024",0
2024-08-04,2cl4wvpK98Q,Hammering a nail with sound objects,"Aug 29, 2024",0
2024-08-05,2cl4wvpK98Q,Hammering a nail with sound objects,"Aug 29, 2024",0
2024-08-06,2cl4wvpK98Q,Hammering a nail with sound objects,"Aug 29, 2024",0
2024-08-07,2cl4wvpK98Q,Hammering a nail with sound objects,"Aug 29, 2024",0
2024-08-08,2cl4wvpK98Q,Hammering a nail with sound objects,"Aug 29, 2024",0
2024-08-09,2cl4wvpK98Q,Hammering a nail with sound objects,"Aug 29, 2024",0
2024-08-10,2cl4wvpK98Q,Hammering a nail with sound objects,"Aug 29, 2024",0
2024-08-11,2cl4wvpK98Q,Hammering a nail with sound objects,"Aug 29, 2024",0
2024-08-12,2cl4wvpK98Q,Hammering a nail with sound objects,"Aug 29, 2024",0
2024-08-13,2cl4wvpK98Q,Hammering a nail with sound objects,"Aug 29, 2024",0
2024-08-14,2cl4wvpK98Q,Hammering a nail with sound objects,"Aug 29, 2024",0
2024-08-15,2cl4wvpK98Q,Hammering a nail with sound objects,"Aug 29, 2024",0
2024-08-16,2cl4wvpK98Q,Hammering a nail with sound objects,"Aug 29, 2024",0
2024-08-17,2cl4wvpK98Q,Hammering a nail with sound objects,"Aug 29, 2024",0
2024-08-18,2cl4wvpK98Q,Hammering a nail with sound objects,"Aug 29, 2024",0
2024-08-19,2cl4wvpK98Q,Hammering a nail with sound objects,"Aug 29, 2024",0
2024-08-20,2cl4wvpK98Q,Hammering a nail with sound objects,"Aug 29, 2024",0
2024-08-21,2cl4wvpK98Q,Hammering a nail with sound objects,"Aug 29, 2024",0
2024-08-22,2cl4wvpK98Q,Hammering a nail with sound objects,"Aug 29, 2024",0
2024-08-23,2cl4wvpK98Q,Hammering a nail with sound objects,"Aug 29, 2024",0
2024-08-24,2cl4wvpK98Q,Hammering a nail with sound objects,"Aug 29, 2024",0
2024-08-25,2cl4wvpK98Q,Hammering a nail with sound objects,"Aug 29, 2024",0
2024-08-26,2cl4wvpK98Q,Hammering a nail with sound objects,"Aug 29, 2024",0
2024-08-27,2cl4wvpK98Q,Hammering a nail with sound objects,"Aug 29, 2024",0
2024-08-28,2cl4wvpK98Q,Hammering a nail with sound objects,"Aug 29, 2024",0
2024-08-29,2cl4wvpK98Q,Hammering a nail with sound objects,"Aug 29, 2024",0
2024-08-30,2cl4wvpK98Q,Hammering a nail with sound objects,"Aug 29, 2024",0
2024-08-31,2cl4wvpK98Q,Hammering a nail with sound objects,"Aug 29, 2024",0
2024-09-01,2cl4wvpK98Q,Hammering a nail with sound objects,"Aug 29, 2024",0
2024-09-02,2cl4wvpK98Q,Hammering a nail with sound objects,"Aug 29, 2024",0
2024-09-03,2cl4wvpK98Q,Hammering a nail with sound objects,"Aug 29, 2024",0
2024-09-04,2cl4wvpK98Q,Hammering a nail with sound objects,"Aug 29, 2024",0
2024-09-05,2cl4wvpK98Q,Hammering a nail with sound objects,"Aug 29, 2024",0
2024-09-06,2cl4wvpK98Q,Hammering a nail with sound objects,"Aug 29, 2024",0
2024-09-07,2cl4wvpK98Q,Hammering a nail with sound objects,"Aug 29, 2024",0
2024-09-08,2cl4wvpK98Q,Hammering a nail with sound objects,"Aug 29, 2024",0
2024-09-09,2cl4wvpK98Q,Hammering a nail with sound objects,"Aug 29, 2024",0
2024-09-10,2cl4wvpK98Q,Hammering a nail with sound objects,"Aug 29, 2024",1
2024-09-11,2cl4wvpK98Q,Hammering a nail with sound objects,"Aug 29, 2024",0
2024-09-12,2cl4wvpK98Q,Hammering a nail with sound objects,"Aug 29, 2024",0
2024-09-13,2cl4wvpK98Q,Hammering a nail with sound objects,"Aug 29, 2024",0
2024-09-14,2cl4wvpK98Q,Hammering a nail with sound objects,"Aug 29, 2024",0
2024-09-15,2cl4wvpK98Q,Hammering a nail with sound objects,"Aug 29, 2024",0
2024-09-16,2cl4wvpK98Q,Hammering a nail with sound objects,"Aug 29, 2024",0
2024-09-17,2cl4wvpK98Q,Hammering a nail with sound objects,"Aug 29, 2024",0
2024-09-18,2cl4wvpK98Q,Hammering a nail with sound objects,"Aug 29, 2024",0
2024-09-19,2cl4wvpK98Q,Hammering a nail with sound objects,"Aug 29, 2024",0
2024-09-20,2cl4wvpK98Q,Hammering a nail with sound objects,"Aug 29, 2024",0
2024-09-21,2cl4wvpK98Q,Hammering a nail with sound objects,"Aug 29, 2024",0
2024-09-22,2cl4wvpK98Q,Hammering a nail with sound objects,"Aug 29, 2024",0
2024-09-23,2cl4wvpK98Q,Hammering a nail with sound objects,"Aug 29, 2024",0
2024-09-24,2cl4wvpK98Q,Hammering a nail with sound objects,"Aug 29, 2024",0
2024-09-25,2cl4wvpK98Q,Hammering a nail with sound objects,"Aug 29, 2024",0
2024-09-26,2cl4wvpK98Q,Hammering a nail with sound objects,"Aug 29, 2024",0
2024-09-27,2cl4wvpK98Q,Hammering a nail with sound objects,"Aug 29, 2024",0
2024-09-28,2cl4wvpK98Q,Hammering a nail with sound objects,"Aug 29, 2024",0
2024-09-29,2cl4wvpK98Q,Hammering a nail with sound objects,"Aug 29, 2024",0
2024-09-30,2cl4wvpK98Q,Hammering a nail with sound objects,"Aug 29, 2024",0
2024-10-01,2cl4wvpK98Q,Hammering a nail with sound objects,"Aug 29, 2024",0
2024-10-02,2cl4wvpK98Q,Hammering a nail with sound objects,"Aug 29, 2024",0
2024-10-03,2cl4wvpK98Q,Hammering a nail with sound objects,"Aug 29, 2024",0
2024-10-04,2cl4wvpK98Q,Hammering a nail with sound objects,"Aug 29, 2024",0
2024-07-07,ilwP8vkZ0p4,Corridor of sound objects,"Feb 14, 2024",1
2024-07-08,ilwP8vkZ0p4,Corridor of sound objects,"Feb 14, 2024",1
2024-07-09,ilwP8vkZ0p4,Corridor of sound objects,"Feb 14, 2024",1
2024-07-10,ilwP8vkZ0p4,Corridor of sound objects,"Feb 14, 2024",0
2024-07-11,ilwP8vkZ0p4,Corridor of sound objects,"Feb 14, 2024",0
2024-07-12,ilwP8vkZ0p4,Corridor of sound objects,"Feb 14, 2024",2
2024-07-13,ilwP8vkZ0p4,Corridor of sound objects,"Feb 14, 2024",0
2024-07-14,ilwP8vkZ0p4,Corridor of sound objects,"Feb 14, 2024",1
2024-07-15,ilwP8vkZ0p4,Corridor of sound objects,"Feb 14, 2024",0
2024-07-16,ilwP8vkZ0p4,Corridor of sound objects,"Feb 14, 2024",1
2024-07-17,ilwP8vkZ0p4,Corridor of sound objects,"Feb 14, 2024",1
2024-07-18,ilwP8vkZ0p4,Corridor of sound objects,"Feb 14, 2024",1
2024-07-19,ilwP8vkZ0p4,Corridor of sound objects,"Feb 14, 2024",1
2024-07-20,ilwP8vkZ0p4,Corridor of sound objects,"Feb 14, 2024",0
2024-07-21,ilwP8vkZ0p4,Corridor of sound objects,"Feb 14, 2024",0
2024-07-22,ilwP8vkZ0p4,Corridor of sound objects,"Feb 14, 2024",2
2024-07-23,ilwP8vkZ0p4,Corridor of sound objects,"Feb 14, 2024",0
2024-07-24,ilwP8vkZ0p4,Corridor of sound objects,"Feb 14, 2024",0
2024-07-25,ilwP8vkZ0p4,Corridor of sound objects,"Feb 14, 2024",0
2024-07-26,ilwP8vkZ0p4,Corridor of sound objects,"Feb 14, 2024",1
2024-07-27,ilwP8vkZ0p4,Corridor of sound objects,"Feb 14, 2024",0
2024-07-28,ilwP8vkZ0p4,Corridor of sound objects,"Feb 14, 2024",0
2024-07-29,ilwP8vkZ0p4,Corridor of sound objects,"Feb 14, 2024",0
2024-07-30,ilwP8vkZ0p4,Corridor of sound objects,"Feb 14, 2024",0
2024-07-31,ilwP8vkZ0p4,Corridor of sound objects,"Feb 14, 2024",0
2024-08-01,ilwP8vkZ0p4,Corridor of sound objects,"Feb 14, 2024",0
2024-08-02,ilwP8vkZ0p4,Corridor of sound objects,"Feb 14, 2024",0
2024-08-03,ilwP8vkZ0p4,Corridor of sound objects,"Feb 14, 2024",0
2024-08-04,ilwP8vkZ0p4,Corridor of sound objects,"Feb 14, 2024",0
2024-08-05,ilwP8vkZ0p4,Corridor of sound objects,"Feb 14, 2024",0
2024-08-06,ilwP8vkZ0p4,Corridor of sound objects,"Feb 14, 2024",0
2024-08-07,ilwP8vkZ0p4,Corridor of sound objects,"Feb 14, 2024",0
2024-08-08,ilwP8vkZ0p4,Corridor of sound objects,"Feb 14, 2024",0
2024-08-09,ilwP8vkZ0p4,Corridor of sound objects,"Feb 14, 2024",0
2024-08-10,ilwP8vkZ0p4,Corridor of sound objects,"Feb 14, 2024",0
2024-08-11,ilwP8vkZ0p4,Corridor of sound objects,"Feb 14, 2024",0
2024-08-12,ilwP8vkZ0p4,Corridor of sound objects,"Feb 14, 2024",0
2024-08-13,ilwP8vkZ0p4,Corridor of sound objects,"Feb 14, 2024",0
2024-08-14,ilwP8vkZ0p4,Corridor of sound objects,"Feb 14, 2024",0
2024-08-15,ilwP8vkZ0p4,Corridor of sound objects,"Feb 14, 2024",0
2024-08-16,ilwP8vkZ0p4,Corridor of sound objects,"Feb 14, 2024",0
2024-08-17,ilwP8vkZ0p4,Corridor of sound objects,"Feb 14, 2024",0
2024-08-18,ilwP8vkZ0p4,Corridor of sound objects,"Feb 14, 2024",0
2024-08-19,ilwP8vkZ0p4,Corridor of sound objects,"Feb 14, 2024",0
2024-08-20,ilwP8vkZ0p4,Corridor of sound objects,"Feb 14, 2024",0
2024-08-21,ilwP8vkZ0p4,Corridor of sound objects,"Feb 14, 2024",0
2024-08-22,ilwP8vkZ0p4,Corridor of sound objects,"Feb 14, 2024",2
2024-08-23,ilwP8vkZ0p4,Corridor of sound objects,"Feb 14, 2024",0
2024-08-24,ilwP8vkZ0p4,Corridor of sound objects,"Feb 14, 2024",0
2024-08-25,ilwP8vkZ0p4,Corridor of sound objects,"Feb 14, 2024",0
2024-08-26,ilwP8vkZ0p4,Corridor of sound objects,"Feb 14, 2024",0
2024-08-27,ilwP8vkZ0p4,Corridor of sound objects,"Feb 14, 2024",0
2024-08-28,ilwP8vkZ0p4,Corridor of sound objects,"Feb 14, 2024",1
2024-08-29,ilwP8vkZ0p4,Corridor of sound objects,"Feb 14, 2024",0
2024-08-30,ilwP8vkZ0p4,Corridor of sound objects,"Feb 14, 2024",0
2024-08-31,ilwP8vkZ0p4,Corridor of sound objects,"Feb 14, 2024",1
2024-09-01,ilwP8vkZ0p4,Corridor of sound objects,"Feb 14, 2024",0
2024-09-02,ilwP8vkZ0p4,Corridor of sound objects,"Feb 14, 2024",0
2024-09-03,ilwP8vkZ0p4,Corridor of sound objects,"Feb 14, 2024",0
2024-09-04,ilwP8vkZ0p4,Corridor of sound objects,"Feb 14, 2024",0
2024-09-05,ilwP8vkZ0p4,Corridor of sound objects,"Feb 14, 2024",0
2024-09-06,ilwP8vkZ0p4,Corridor of sound objects,"Feb 14, 2024",0
2024-09-07,ilwP8vkZ0p4,Corridor of sound objects,"Feb 14, 2024",0
2024-09-08,ilwP8vkZ0p4,Corridor of sound objects,"Feb 14, 2024",0
2024-09-09,ilwP8vkZ0p4,Corridor of sound objects,"Feb 14, 2024",0
2024-09-10,ilwP8vkZ0p4,Corridor of sound objects,"Feb 14, 2024",0
2024-09-11,ilwP8vkZ0p4,Corridor of sound objects,"Feb 14, 2024",0
2024-09-12,ilwP8vkZ0p4,Corridor of sound objects,"Feb 14, 2024",0
2024-09-13,ilwP8vkZ0p4,Corridor of sound objects,"Feb 14, 2024",0
2024-09-14,ilwP8vkZ0p4,Corridor of sound objects,"Feb 14, 2024",0
2024-09-15,ilwP8vkZ0p4,Corridor of sound objects,"Feb 14, 2024",0
2024-09-16,ilwP8vkZ0p4,Corridor of sound objects,"Feb 14, 2024",0
2024-09-17,ilwP8vkZ0p4,Corridor of sound objects,"Feb 14, 2024",0
2024-09-18,ilwP8vkZ0p4,Corridor of sound objects,"Feb 14, 2024",0
2024-09-19,ilwP8vkZ0p4,Corridor of sound objects,"Feb 14, 2024",0
2024-09-20,ilwP8vkZ0p4,Corridor of sound objects,"Feb 14, 2024",0
2024-09-21,ilwP8vkZ0p4,Corridor of sound objects,"Feb 14, 2024",0
2024-09-22,ilwP8vkZ0p4,Corridor of sound objects,"Feb 14, 2024",0
2024-09-23,ilwP8vkZ0p4,Corridor of sound objects,"Feb 14, 2024",0
2024-09-24,ilwP8vkZ0p4,Corridor of sound objects,"Feb 14, 2024",0
2024-09-25,ilwP8vkZ0p4,Corridor of sound objects,"Feb 14, 2024",0
2024-09-26,ilwP8vkZ0p4,Corridor of sound objects,"Feb 14, 2024",0
2024-09-27,ilwP8vkZ0p4,Corridor of sound objects,"Feb 14, 2024",0
2024-09-28,ilwP8vkZ0p4,Corridor of sound objects,"Feb 14, 2024",0
2024-09-29,ilwP8vkZ0p4,Corridor of sound objects,"Feb 14, 2024",0
2024-09-30,ilwP8vkZ0p4,Corridor of sound objects,"Feb 14, 2024",0
2024-10-01,ilwP8vkZ0p4,Corridor of sound objects,"Feb 14, 2024",0
2024-10-02,ilwP8vkZ0p4,Corridor of sound objects,"Feb 14, 2024",0
2024-10-03,ilwP8vkZ0p4,Corridor of sound objects,"Feb 14, 2024",0
2024-10-04,ilwP8vkZ0p4,Corridor of sound objects,"Feb 14, 2024",0
2024-07-07,lTjB9oc_60w,Lounge switch,"Sep 6, 2024",0
2024-07-08,lTjB9oc_60w,Lounge switch,"Sep 6, 2024",0
2024-07-09,lTjB9oc_60w,Lounge switch,"Sep 6, 2024",0
2024-07-10,lTjB9oc_60w,Lounge switch,"Sep 6, 2024",0
2024-07-11,lTjB9oc_60w,Lounge switch,"Sep 6, 2024",0
2024-07-12,lTjB9oc_60w,Lounge switch,"Sep 6, 2024",0
2024-07-13,lTjB9oc_60w,Lounge switch,"Sep 6, 2024",0
2024-07-14,lTjB9oc_60w,Lounge switch,"Sep 6, 2024",0
2024-07-15,lTjB9oc_60w,Lounge switch,"Sep 6, 2024",0
2024-07-16,lTjB9oc_60w,Lounge switch,"Sep 6, 2024",0
2024-07-17,lTjB9oc_60w,Lounge switch,"Sep 6, 2024",0
2024-07-18,lTjB9oc_60w,Lounge switch,"Sep 6, 2024",0
2024-07-19,lTjB9oc_60w,Lounge switch,"Sep 6, 2024",0
2024-07-20,lTjB9oc_60w,Lounge switch,"Sep 6, 2024",0
2024-07-21,lTjB9oc_60w,Lounge switch,"Sep 6, 2024",0
2024-07-22,lTjB9oc_60w,Lounge switch,"Sep 6, 2024",0
2024-07-23,lTjB9oc_60w,Lounge switch,"Sep 6, 2024",0
2024-07-24,lTjB9oc_60w,Lounge switch,"Sep 6, 2024",0
2024-07-25,lTjB9oc_60w,Lounge switch,"Sep 6, 2024",0
2024-07-26,lTjB9oc_60w,Lounge switch,"Sep 6, 2024",0
2024-07-27,lTjB9oc_60w,Lounge switch,"Sep 6, 2024",0
2024-07-28,lTjB9oc_60w,Lounge switch,"Sep 6, 2024",0
2024-07-29,lTjB9oc_60w,Lounge switch,"Sep 6, 2024",0
2024-07-30,lTjB9oc_60w,Lounge switch,"Sep 6, 2024",0
2024-07-31,lTjB9oc_60w,Lounge switch,"Sep 6, 2024",0
2024-08-01,lTjB9oc_60w,Lounge switch,"Sep 6, 2024",0
2024-08-02,lTjB9oc_60w,Lounge switch,"Sep 6, 2024",0
2024-08-03,lTjB9oc_60w,Lounge switch,"Sep 6, 2024",0
2024-08-04,lTjB9oc_60w,Lounge switch,"Sep 6, 2024",0
2024-08-05,lTjB9oc_60w,Lounge switch,"Sep 6, 2024",0
2024-08-06,lTjB9oc_60w,Lounge switch,"Sep 6, 2024",0
2024-08-07,lTjB9oc_60w,Lounge switch,"Sep 6, 2024",0
2024-08-08,lTjB9oc_60w,Lounge switch,"Sep 6, 2024",0
2024-08-09,lTjB9oc_60w,Lounge switch,"Sep 6, 2024",0
2024-08-10,lTjB9oc_60w,Lounge switch,"Sep 6, 2024",0
2024-08-11,lTjB9oc_60w,Lounge switch,"Sep 6, 2024",0
2024-08-12,lTjB9oc_60w,Lounge switch,"Sep 6, 2024",0
2024-08-13,lTjB9oc_60w,Lounge switch,"Sep 6, 2024",0
2024-08-14,lTjB9oc_60w,Lounge switch,"Sep 6, 2024",0
2024-08-15,lTjB9oc_60w,Lounge switch,"Sep 6, 2024",0
2024-08-16,lTjB9oc_60w,Lounge switch,"Sep 6, 2024",0
2024-08-17,lTjB9oc_60w,Lounge switch,"Sep 6, 2024",0
2024-08-18,lTjB9oc_60w,Lounge switch,"Sep 6, 2024",0
2024-08-19,lTjB9oc_60w,Lounge switch,"Sep 6, 2024",0
2024-08-20,lTjB9oc_60w,Lounge switch,"Sep 6, 2024",0
2024-08-21,lTjB9oc_60w,Lounge switch,"Sep 6, 2024",0
2024-08-22,lTjB9oc_60w,Lounge switch,"Sep 6, 2024",0
2024-08-23,lTjB9oc_60w,Lounge switch,"Sep 6, 2024",0
2024-08-24,lTjB9oc_60w,Lounge switch,"Sep 6, 2024",0
2024-08-25,lTjB9oc_60w,Lounge switch,"Sep 6, 2024",0
2024-08-26,lTjB9oc_60w,Lounge switch,"Sep 6, 2024",0
2024-08-27,lTjB9oc_60w,Lounge switch,"Sep 6, 2024",0
2024-08-28,lTjB9oc_60w,Lounge switch,"Sep 6, 2024",0
2024-08-29,lTjB9oc_60w,Lounge switch,"Sep 6, 2024",0
2024-08-30,lTjB9oc_60w,Lounge switch,"Sep 6, 2024",0
2024-08-31,lTjB9oc_60w,Lounge switch,"Sep 6, 2024",0
2024-09-01,lTjB9oc_60w,Lounge switch,"Sep 6, 2024",0
2024-09-02,lTjB9oc_60w,Lounge switch,"Sep 6, 2024",0
2024-09-03,lTjB9oc_60w,Lounge switch,"Sep 6, 2024",0
2024-09-04,lTjB9oc_60w,Lounge switch,"Sep 6, 2024",0
2024-09-05,lTjB9oc_60w,Lounge switch,"Sep 6, 2024",0
2024-09-06,lTjB9oc_60w,Lounge switch,"Sep 6, 2024",0
2024-09-07,lTjB9oc_60w,Lounge switch,"Sep 6, 2024",0
2024-09-08,lTjB9oc_60w,Lounge switch,"Sep 6, 2024",0
2024-09-09,lTjB9oc_60w,Lounge switch,"Sep 6, 2024",0
2024-09-10,lTjB9oc_60w,Lounge switch,"Sep 6, 2024",1
2024-09-11,lTjB9oc_60w,Lounge switch,"Sep 6, 2024",0
2024-09-12,lTjB9oc_60w,Lounge switch,"Sep 6, 2024",0
2024-09-13,lTjB9oc_60w,Lounge switch,"Sep 6, 2024",0
2024-09-14,lTjB9oc_60w,Lounge switch,"Sep 6, 2024",0
2024-09-15,lTjB9oc_60w,Lounge switch,"Sep 6, 2024",0
2024-09-16,lTjB9oc_60w,Lounge switch,"Sep 6, 2024",0
2024-09-17,lTjB9oc_60w,Lounge switch,"Sep 6, 2024",0
2024-09-18,lTjB9oc_60w,Lounge switch,"Sep 6, 2024",0
2024-09-19,lTjB9oc_60w,Lounge switch,"Sep 6, 2024",0
2024-09-20,lTjB9oc_60w,Lounge switch,"Sep 6, 2024",0
2024-09-21,lTjB9oc_60w,Lounge switch,"Sep 6, 2024",0
2024-09-22,lTjB9oc_60w,Lounge switch,"Sep 6, 2024",1
2024-09-23,lTjB9oc_60w,Lounge switch,"Sep 6, 2024",0
2024-09-24,lTjB9oc_60w,Lounge switch,"Sep 6, 2024",0
2024-09-25,lTjB9oc_60w,Lounge switch,"Sep 6, 2024",0
2024-09-26,lTjB9oc_60w,Lounge switch,"Sep 6, 2024",0
2024-09-27,lTjB9oc_60w,Lounge switch,"Sep 6, 2024",0
2024-09-28,lTjB9oc_60w,Lounge switch,"Sep 6, 2024",0
2024-09-29,lTjB9oc_60w,Lounge switch,"Sep 6, 2024",0
2024-09-30,lTjB9oc_60w,Lounge switch,"Sep 6, 2024",0
2024-10-01,lTjB9oc_60w,Lounge switch,"Sep 6, 2024",0
2024-10-02,lTjB9oc_60w,Lounge switch,"Sep 6, 2024",0
2024-10-03,lTjB9oc_60w,Lounge switch,"Sep 6, 2024",0
2024-10-04,lTjB9oc_60w,Lounge switch,"Sep 6, 2024",0
