Date,Content,Video title,Video publish time,Views
2024-10-20,JqN1TakVLQ8,Small frame passes through large frame         #soundframe #soundmovement #speakerarray #speakers,"Oct 31, 2024",0
2024-10-21,JqN1TakVLQ8,Small frame passes through large frame         #soundframe #soundmovement #speakerarray #speakers,"Oct 31, 2024",0
2024-10-22,JqN1TakVLQ8,Small frame passes through large frame         #soundframe #soundmovement #speakerarray #speakers,"Oct 31, 2024",0
2024-10-23,JqN1TakVLQ8,Small frame passes through large frame         #soundframe #soundmovement #speakerarray #speakers,"Oct 31, 2024",0
2024-10-24,JqN1TakVLQ8,Small frame passes through large frame         #soundframe #soundmovement #speakerarray #speakers,"Oct 31, 2024",0
2024-10-25,JqN1TakVLQ8,Small frame passes through large frame         #soundframe #soundmovement #speakerarray #speakers,"Oct 31, 2024",0
2024-10-26,JqN1TakVLQ8,Small frame passes through large frame         #soundframe #soundmovement #speakerarray #speakers,"Oct 31, 2024",0
2024-10-27,JqN1TakVLQ8,Small frame passes through large frame         #soundframe #soundmovement #speakerarray #speakers,"Oct 31, 2024",0
2024-10-28,JqN1TakVLQ8,Small frame passes through large frame         #soundframe #soundmovement #speakerarray #speakers,"Oct 31, 2024",0
2024-10-29,JqN1TakVLQ8,Small frame passes through large frame         #soundframe #soundmovement #speakerarray #speakers,"Oct 31, 2024",0
2024-10-30,JqN1TakVLQ8,Small frame passes through large frame         #soundframe #soundmovement #speakerarray #speakers,"Oct 31, 2024",32
2024-10-31,JqN1TakVLQ8,Small frame passes through large frame         #soundframe #soundmovement #speakerarray #speakers,"Oct 31, 2024",494
2024-11-01,JqN1TakVLQ8,Small frame passes through large frame         #soundframe #soundmovement #speakerarray #speakers,"Oct 31, 2024",20
2024-11-02,JqN1TakVLQ8,Small frame passes through large frame         #soundframe #soundmovement #speakerarray #speakers,"Oct 31, 2024",16
2024-11-03,JqN1TakVLQ8,Small frame passes through large frame         #soundframe #soundmovement #speakerarray #speakers,"Oct 31, 2024",2
2024-11-04,JqN1TakVLQ8,Small frame passes through large frame         #soundframe #soundmovement #speakerarray #speakers,"Oct 31, 2024",2
2024-11-05,JqN1TakVLQ8,Small frame passes through large frame         #soundframe #soundmovement #speakerarray #speakers,"Oct 31, 2024",0
2024-11-06,JqN1TakVLQ8,Small frame passes through large frame         #soundframe #soundmovement #speakerarray #speakers,"Oct 31, 2024",2
2024-11-07,JqN1TakVLQ8,Small frame passes through large frame         #soundframe #soundmovement #speakerarray #speakers,"Oct 31, 2024",1
2024-11-08,JqN1TakVLQ8,Small frame passes through large frame         #soundframe #soundmovement #speakerarray #speakers,"Oct 31, 2024",0
2024-11-09,JqN1TakVLQ8,Small frame passes through large frame         #soundframe #soundmovement #speakerarray #speakers,"Oct 31, 2024",0
2024-11-10,JqN1TakVLQ8,Small frame passes through large frame         #soundframe #soundmovement #speakerarray #speakers,"Oct 31, 2024",0
2024-11-11,JqN1TakVLQ8,Small frame passes through large frame         #soundframe #soundmovement #speakerarray #speakers,"Oct 31, 2024",0
2024-11-12,JqN1TakVLQ8,Small frame passes through large frame         #soundframe #soundmovement #speakerarray #speakers,"Oct 31, 2024",0
2024-11-13,JqN1TakVLQ8,Small frame passes through large frame         #soundframe #soundmovement #speakerarray #speakers,"Oct 31, 2024",0
2024-11-14,JqN1TakVLQ8,Small frame passes through large frame         #soundframe #soundmovement #speakerarray #speakers,"Oct 31, 2024",0
2024-11-15,JqN1TakVLQ8,Small frame passes through large frame         #soundframe #soundmovement #speakerarray #speakers,"Oct 31, 2024",0
2024-11-16,JqN1TakVLQ8,Small frame passes through large frame         #soundframe #soundmovement #speakerarray #speakers,"Oct 31, 2024",0
2024-10-20,MMSuAHdsayo,Horizontal sound object elevators        #lift #elevatormusic #horizontal #soundobject #soundlift,"Oct 20, 2024",28
2024-10-21,MMSuAHdsayo,Horizontal sound object elevators        #lift #elevatormusic #horizontal #soundobject #soundlift,"Oct 20, 2024",12
2024-10-22,MMSuAHdsayo,Horizontal sound object elevators        #lift #elevatormusic #horizontal #soundobject #soundlift,"Oct 20, 2024",113
2024-10-23,MMSuAHdsayo,Horizontal sound object elevators        #lift #elevatormusic #horizontal #soundobject #soundlift,"Oct 20, 2024",264
2024-10-24,MMSuAHdsayo,Horizontal sound object elevators        #lift #elevatormusic #horizontal #soundobject #soundlift,"Oct 20, 2024",5
2024-10-25,MMSuAHdsayo,Horizontal sound object elevators        #lift #elevatormusic #horizontal #soundobject #soundlift,"Oct 20, 2024",3
2024-10-26,MMSuAHdsayo,Horizontal sound object elevators        #lift #elevatormusic #horizontal #soundobject #soundlift,"Oct 20, 2024",0
2024-10-27,MMSuAHdsayo,Horizontal sound object elevators        #lift #elevatormusic #horizontal #soundobject #soundlift,"Oct 20, 2024",2
2024-10-28,MMSuAHdsayo,Horizontal sound object elevators        #lift #elevatormusic #horizontal #soundobject #soundlift,"Oct 20, 2024",0
2024-10-29,MMSuAHdsayo,Horizontal sound object elevators        #lift #elevatormusic #horizontal #soundobject #soundlift,"Oct 20, 2024",1
2024-10-30,MMSuAHdsayo,Horizontal sound object elevators        #lift #elevatormusic #horizontal #soundobject #soundlift,"Oct 20, 2024",0
2024-10-31,MMSuAHdsayo,Horizontal sound object elevators        #lift #elevatormusic #horizontal #soundobject #soundlift,"Oct 20, 2024",0
2024-11-01,MMSuAHdsayo,Horizontal sound object elevators        #lift #elevatormusic #horizontal #soundobject #soundlift,"Oct 20, 2024",0
2024-11-02,MMSuAHdsayo,Horizontal sound object elevators        #lift #elevatormusic #horizontal #soundobject #soundlift,"Oct 20, 2024",0
2024-11-03,MMSuAHdsayo,Horizontal sound object elevators        #lift #elevatormusic #horizontal #soundobject #soundlift,"Oct 20, 2024",0
2024-11-04,MMSuAHdsayo,Horizontal sound object elevators        #lift #elevatormusic #horizontal #soundobject #soundlift,"Oct 20, 2024",1
2024-11-05,MMSuAHdsayo,Horizontal sound object elevators        #lift #elevatormusic #horizontal #soundobject #soundlift,"Oct 20, 2024",0
2024-11-06,MMSuAHdsayo,Horizontal sound object elevators        #lift #elevatormusic #horizontal #soundobject #soundlift,"Oct 20, 2024",0
2024-11-07,MMSuAHdsayo,Horizontal sound object elevators        #lift #elevatormusic #horizontal #soundobject #soundlift,"Oct 20, 2024",0
2024-11-08,MMSuAHdsayo,Horizontal sound object elevators        #lift #elevatormusic #horizontal #soundobject #soundlift,"Oct 20, 2024",0
2024-11-09,MMSuAHdsayo,Horizontal sound object elevators        #lift #elevatormusic #horizontal #soundobject #soundlift,"Oct 20, 2024",0
2024-11-10,MMSuAHdsayo,Horizontal sound object elevators        #lift #elevatormusic #horizontal #soundobject #soundlift,"Oct 20, 2024",1
2024-11-11,MMSuAHdsayo,Horizontal sound object elevators        #lift #elevatormusic #horizontal #soundobject #soundlift,"Oct 20, 2024",0
2024-11-12,MMSuAHdsayo,Horizontal sound object elevators        #lift #elevatormusic #horizontal #soundobject #soundlift,"Oct 20, 2024",0
2024-11-13,MMSuAHdsayo,Horizontal sound object elevators        #lift #elevatormusic #horizontal #soundobject #soundlift,"Oct 20, 2024",0
2024-11-14,MMSuAHdsayo,Horizontal sound object elevators        #lift #elevatormusic #horizontal #soundobject #soundlift,"Oct 20, 2024",0
2024-11-15,MMSuAHdsayo,Horizontal sound object elevators        #lift #elevatormusic #horizontal #soundobject #soundlift,"Oct 20, 2024",0
2024-11-16,MMSuAHdsayo,Horizontal sound object elevators        #lift #elevatormusic #horizontal #soundobject #soundlift,"Oct 20, 2024",0
2024-10-20,U7JHTvqlTPI,Sound object tunnels & transitions,"Sep 29, 2024",10
2024-10-21,U7JHTvqlTPI,Sound object tunnels & transitions,"Sep 29, 2024",14
2024-10-22,U7JHTvqlTPI,Sound object tunnels & transitions,"Sep 29, 2024",7
2024-10-23,U7JHTvqlTPI,Sound object tunnels & transitions,"Sep 29, 2024",15
2024-10-24,U7JHTvqlTPI,Sound object tunnels & transitions,"Sep 29, 2024",4
2024-10-25,U7JHTvqlTPI,Sound object tunnels & transitions,"Sep 29, 2024",14
2024-10-26,U7JHTvqlTPI,Sound object tunnels & transitions,"Sep 29, 2024",20
2024-10-27,U7JHTvqlTPI,Sound object tunnels & transitions,"Sep 29, 2024",40
2024-10-28,U7JHTvqlTPI,Sound object tunnels & transitions,"Sep 29, 2024",5
2024-10-29,U7JHTvqlTPI,Sound object tunnels & transitions,"Sep 29, 2024",11
2024-10-30,U7JHTvqlTPI,Sound object tunnels & transitions,"Sep 29, 2024",8
2024-10-31,U7JHTvqlTPI,Sound object tunnels & transitions,"Sep 29, 2024",9
2024-11-01,U7JHTvqlTPI,Sound object tunnels & transitions,"Sep 29, 2024",12
2024-11-02,U7JHTvqlTPI,Sound object tunnels & transitions,"Sep 29, 2024",13
2024-11-03,U7JHTvqlTPI,Sound object tunnels & transitions,"Sep 29, 2024",10
2024-11-04,U7JHTvqlTPI,Sound object tunnels & transitions,"Sep 29, 2024",2
2024-11-05,U7JHTvqlTPI,Sound object tunnels & transitions,"Sep 29, 2024",2
2024-11-06,U7JHTvqlTPI,Sound object tunnels & transitions,"Sep 29, 2024",3
2024-11-07,U7JHTvqlTPI,Sound object tunnels & transitions,"Sep 29, 2024",6
2024-11-08,U7JHTvqlTPI,Sound object tunnels & transitions,"Sep 29, 2024",2
2024-11-09,U7JHTvqlTPI,Sound object tunnels & transitions,"Sep 29, 2024",2
2024-11-10,U7JHTvqlTPI,Sound object tunnels & transitions,"Sep 29, 2024",3
2024-11-11,U7JHTvqlTPI,Sound object tunnels & transitions,"Sep 29, 2024",2
2024-11-12,U7JHTvqlTPI,Sound object tunnels & transitions,"Sep 29, 2024",1
2024-11-13,U7JHTvqlTPI,Sound object tunnels & transitions,"Sep 29, 2024",4
2024-11-14,U7JHTvqlTPI,Sound object tunnels & transitions,"Sep 29, 2024",4
2024-11-15,U7JHTvqlTPI,Sound object tunnels & transitions,"Sep 29, 2024",3
2024-11-16,U7JHTvqlTPI,Sound object tunnels & transitions,"Sep 29, 2024",2
2024-10-20,WPr3chQeTgM,Cascading sound cubes                  #cascades #watefall #rain #soundcube #descending #falling,"Oct 22, 2024",0
2024-10-21,WPr3chQeTgM,Cascading sound cubes                  #cascades #watefall #rain #soundcube #descending #falling,"Oct 22, 2024",0
2024-10-22,WPr3chQeTgM,Cascading sound cubes                  #cascades #watefall #rain #soundcube #descending #falling,"Oct 22, 2024",33
2024-10-23,WPr3chQeTgM,Cascading sound cubes                  #cascades #watefall #rain #soundcube #descending #falling,"Oct 22, 2024",83
2024-10-24,WPr3chQeTgM,Cascading sound cubes                  #cascades #watefall #rain #soundcube #descending #falling,"Oct 22, 2024",9
2024-10-25,WPr3chQeTgM,Cascading sound cubes                  #cascades #watefall #rain #soundcube #descending #falling,"Oct 22, 2024",1
2024-10-26,WPr3chQeTgM,Cascading sound cubes                  #cascades #watefall #rain #soundcube #descending #falling,"Oct 22, 2024",0
2024-10-27,WPr3chQeTgM,Cascading sound cubes                  #cascades #watefall #rain #soundcube #descending #falling,"Oct 22, 2024",2
2024-10-28,WPr3chQeTgM,Cascading sound cubes                  #cascades #watefall #rain #soundcube #descending #falling,"Oct 22, 2024",2
2024-10-29,WPr3chQeTgM,Cascading sound cubes                  #cascades #watefall #rain #soundcube #descending #falling,"Oct 22, 2024",0
2024-10-30,WPr3chQeTgM,Cascading sound cubes                  #cascades #watefall #rain #soundcube #descending #falling,"Oct 22, 2024",0
2024-10-31,WPr3chQeTgM,Cascading sound cubes                  #cascades #watefall #rain #soundcube #descending #falling,"Oct 22, 2024",0
2024-11-01,WPr3chQeTgM,Cascading sound cubes                  #cascades #watefall #rain #soundcube #descending #falling,"Oct 22, 2024",0
2024-11-02,WPr3chQeTgM,Cascading sound cubes                  #cascades #watefall #rain #soundcube #descending #falling,"Oct 22, 2024",0
2024-11-03,WPr3chQeTgM,Cascading sound cubes                  #cascades #watefall #rain #soundcube #descending #falling,"Oct 22, 2024",0
2024-11-04,WPr3chQeTgM,Cascading sound cubes                  #cascades #watefall #rain #soundcube #descending #falling,"Oct 22, 2024",0
2024-11-05,WPr3chQeTgM,Cascading sound cubes                  #cascades #watefall #rain #soundcube #descending #falling,"Oct 22, 2024",0
2024-11-06,WPr3chQeTgM,Cascading sound cubes                  #cascades #watefall #rain #soundcube #descending #falling,"Oct 22, 2024",0
2024-11-07,WPr3chQeTgM,Cascading sound cubes                  #cascades #watefall #rain #soundcube #descending #falling,"Oct 22, 2024",1
2024-11-08,WPr3chQeTgM,Cascading sound cubes                  #cascades #watefall #rain #soundcube #descending #falling,"Oct 22, 2024",0
2024-11-09,WPr3chQeTgM,Cascading sound cubes                  #cascades #watefall #rain #soundcube #descending #falling,"Oct 22, 2024",0
2024-11-10,WPr3chQeTgM,Cascading sound cubes                  #cascades #watefall #rain #soundcube #descending #falling,"Oct 22, 2024",1
2024-11-11,WPr3chQeTgM,Cascading sound cubes                  #cascades #watefall #rain #soundcube #descending #falling,"Oct 22, 2024",0
2024-11-12,WPr3chQeTgM,Cascading sound cubes                  #cascades #watefall #rain #soundcube #descending #falling,"Oct 22, 2024",1
2024-11-13,WPr3chQeTgM,Cascading sound cubes                  #cascades #watefall #rain #soundcube #descending #falling,"Oct 22, 2024",0
2024-11-14,WPr3chQeTgM,Cascading sound cubes                  #cascades #watefall #rain #soundcube #descending #falling,"Oct 22, 2024",0
2024-11-15,WPr3chQeTgM,Cascading sound cubes                  #cascades #watefall #rain #soundcube #descending #falling,"Oct 22, 2024",0
2024-11-16,WPr3chQeTgM,Cascading sound cubes                  #cascades #watefall #rain #soundcube #descending #falling,"Oct 22, 2024",0
2024-10-20,ilwP8vkZ0p4,Corridor of sound objects,"Feb 14, 2024",125
2024-10-21,ilwP8vkZ0p4,Corridor of sound objects,"Feb 14, 2024",130
2024-10-22,ilwP8vkZ0p4,Corridor of sound objects,"Feb 14, 2024",57
2024-10-23,ilwP8vkZ0p4,Corridor of sound objects,"Feb 14, 2024",54
2024-10-24,ilwP8vkZ0p4,Corridor of sound objects,"Feb 14, 2024",57
2024-10-25,ilwP8vkZ0p4,Corridor of sound objects,"Feb 14, 2024",72
2024-10-26,ilwP8vkZ0p4,Corridor of sound objects,"Feb 14, 2024",76
2024-10-27,ilwP8vkZ0p4,Corridor of sound objects,"Feb 14, 2024",95
2024-10-28,ilwP8vkZ0p4,Corridor of sound objects,"Feb 14, 2024",66
2024-10-29,ilwP8vkZ0p4,Corridor of sound objects,"Feb 14, 2024",68
2024-10-30,ilwP8vkZ0p4,Corridor of sound objects,"Feb 14, 2024",52
2024-10-31,ilwP8vkZ0p4,Corridor of sound objects,"Feb 14, 2024",78
2024-11-01,ilwP8vkZ0p4,Corridor of sound objects,"Feb 14, 2024",61
2024-11-02,ilwP8vkZ0p4,Corridor of sound objects,"Feb 14, 2024",118
2024-11-03,ilwP8vkZ0p4,Corridor of sound objects,"Feb 14, 2024",114
2024-11-04,ilwP8vkZ0p4,Corridor of sound objects,"Feb 14, 2024",45
2024-11-05,ilwP8vkZ0p4,Corridor of sound objects,"Feb 14, 2024",74
2024-11-06,ilwP8vkZ0p4,Corridor of sound objects,"Feb 14, 2024",54
2024-11-07,ilwP8vkZ0p4,Corridor of sound objects,"Feb 14, 2024",34
2024-11-08,ilwP8vkZ0p4,Corridor of sound objects,"Feb 14, 2024",27
2024-11-09,ilwP8vkZ0p4,Corridor of sound objects,"Feb 14, 2024",42
2024-11-10,ilwP8vkZ0p4,Corridor of sound objects,"Feb 14, 2024",43
2024-11-11,ilwP8vkZ0p4,Corridor of sound objects,"Feb 14, 2024",61
2024-11-12,ilwP8vkZ0p4,Corridor of sound objects,"Feb 14, 2024",26
2024-11-13,ilwP8vkZ0p4,Corridor of sound objects,"Feb 14, 2024",35
2024-11-14,ilwP8vkZ0p4,Corridor of sound objects,"Feb 14, 2024",25
2024-11-15,ilwP8vkZ0p4,Corridor of sound objects,"Feb 14, 2024",54
2024-11-16,ilwP8vkZ0p4,Corridor of sound objects,"Feb 14, 2024",65
